City_ID,City,Country,Max Temp,Current Description,Lat,Lng,Hotel Name
0,Tura,IN,75.18,clear sky,25.5198,90.2201,Hotel RIKMAN Continental
3,Kapaa,US,78.8,scattered clouds,22.0752,-159.319,Sheraton Kauai Resort at Coconut Beach
7,Rio Grande,BR,71.01,light rain,-32.035,-52.0986,Hotel Atl√¢ntico Rio Grande
8,Kaputa,ZM,66.88,overcast clouds,-8.4689,29.6619,Chelelwa Charlets
9,Shiyan,CN,70.0,clear sky,32.6475,110.7781,Fenghuang Garden Holiday Hotel
12,Bambous Virieux,MU,77.0,broken clouds,-20.3428,57.7575,Casa Tia Villa
13,Rikitea,PF,79.48,clear sky,-23.1203,-134.9692,Pension Maro'i
18,Hambantota,LK,75.2,broken clouds,6.1241,81.1185,Bungalow 63
21,Mitsamiouli,KM,82.11,overcast clouds,-11.3847,43.2844,Foyer ADM
22,San Juan,AR,65.41,clear sky,-31.5375,-68.5364,Hotel Provincial
23,Carnarvon,AU,78.8,clear sky,-24.8667,113.6333,Hospitality Carnarvon
26,Ewa Beach,US,84.2,scattered clouds,21.3156,-158.0072,Uncle Junior Robert
29,Todos Santos,MX,72.0,overcast clouds,23.45,-110.2167,Hotel California Todos Santos
34,Havelock,US,68.0,overcast clouds,34.8791,-76.9013,Sherwood Motel
35,Marolambo,MG,67.41,clear sky,-20.05,48.1167,local guide suport centre
36,Adrar,MR,76.5,clear sky,20.5022,-10.0711,
38,Kawalu,ID,79.05,few clouds,-7.3817,108.2082,KOSAN UNGU UNSIK
41,Kalmunai,LK,78.51,overcast clouds,7.4167,81.8167,VS Villa
42,San Vicente,AR,68.88,moderate rain,-26.6167,-54.1333,Complejo Tur√≠stico Farelluk
44,Binga,ZW,70.52,overcast clouds,-17.6203,27.3414,Lakeview Inn Binga
45,Baiao,BR,71.76,broken clouds,-2.7906,-49.6717,Hotel Eurosono
46,Bengkulu,ID,75.94,overcast clouds,-3.8004,102.2655,Grage Hotel Bengkulu
52,General Roca,AR,66.2,clear sky,-39.0333,-67.5833,Hotel y Casino del R√≠o General Roca
53,Jieshi,CN,75.99,clear sky,22.8134,115.8257,Yuehai Hotel
58,Butaritari,KI,81.36,light rain,3.0707,172.7902,Isles Sunset Lodge
60,Ambilobe,MG,72.0,overcast clouds,-13.2,49.05,H√¥tel & Restaurant DIANA Ambilobe
61,Hilo,US,78.8,light rain,19.7297,-155.09,Hilo Hawaiian Hotel
65,Bandarbeyla,SO,77.72,few clouds,9.4942,50.8122,JABIR HOTEL
66,Katsuura,JP,66.0,overcast clouds,35.1333,140.3,Katsuura Hotel Mikazuki
68,Pahrump,US,73.0,clear sky,36.2083,-115.9839,Best Western Pahrump Oasis
70,Sinnamary,GF,76.66,overcast clouds,5.3833,-52.95,ALETHEIA Appartement Sinnamary
74,San Cristobal,VE,73.4,fog,7.7669,-72.225,Posada Villaven C.A.
78,Acajutla,SV,80.17,clear sky,13.5928,-89.8275,asi es
80,Hasaki,JP,66.2,broken clouds,35.7333,140.8333,Hotel Sunrise Choshi
84,Barstow,US,73.4,clear sky,34.8986,-117.0228,"Motel 6 Barstow, CA"
87,Saint-Philippe,RE,75.2,few clouds,-21.3585,55.7679,"Chambres d'h√¥te ""La Trinit√©"""
90,Avarua,CK,84.2,overcast clouds,-21.2078,-159.775,Paradise Inn
91,Mbalmayo,CM,69.21,overcast clouds,3.5167,11.5,H√¥tel les Nouveaux Jardins Des Tropiques
93,Busselton,AU,68.38,light rain,-33.65,115.3333,Observatory Guest House
96,Nabire,ID,80.08,overcast clouds,-3.3667,135.4833,Hotel Nusantara Nabire
99,Codrington,AU,65.34,clear sky,-38.2667,141.9667,Codrington Gardens Bed And Breakfast
101,Ugoofaaru,MV,81.63,overcast clouds,5.6667,73.0,Ungoofaaru Inn
104,Ballina,AU,78.8,clear sky,-28.8667,153.5667,Ramada Hotel & Suites by Wyndham Ballina Byron
105,Ahipara,NZ,67.66,overcast clouds,-35.1667,173.1667,Ahipara Holiday Park
106,Cidreira,BR,72.54,overcast clouds,-30.1811,-50.2056,Hotel Castelo
108,Fare,PF,82.35,light rain,-16.7,-151.0167,Maitai Lapita Village Huahine
111,Guerrero Negro,MX,66.47,clear sky,27.9769,-114.0611,"Casa Laguna, Bed & Breakfast"
112,Pisco,PE,69.8,clear sky,-13.7,-76.2167,Hotel San Isidro Oficial
117,Sao Filipe,CV,69.64,clear sky,14.8961,-24.4956,Tortuga B&B
119,Nhulunbuy,AU,78.8,light rain,-12.2333,136.7667,East Arnhem Real Estate
121,Taoudenni,ML,77.2,scattered clouds,22.6783,-3.9836,
126,Clarence Town,AU,75.99,clear sky,-32.5833,151.7833,River Downs Cottage
131,Atuona,PF,81.19,overcast clouds,-9.8,-139.0333,Villa Enata
135,Marawi,PH,82.0,overcast clouds,7.9986,124.2928,Derogongan Residence
139,Hithadhoo,MV,83.44,overcast clouds,-0.6,73.0833,Scoop Guest House
146,Charlestown,AU,78.01,clear sky,-32.95,151.6667,Panorama Motor Inn Hotel
151,Porto Novo,BJ,84.2,scattered clouds,6.4965,2.6036,Tour Eiffel Hotel Benin
153,Dzitas,MX,80.46,scattered clouds,20.85,-88.5167,Parroquia de zitas
154,Mendi,PG,71.69,broken clouds,-6.1761,143.6513,Kiburu Lodge
155,Waipawa,NZ,69.8,overcast clouds,-41.4122,175.5153,Tora Coastal Walk
160,Harper,LR,77.59,light rain,4.375,-7.7169,Screensaver
162,Puerto Ayora,EC,79.0,overcast clouds,-0.7393,-90.3518,Finch Bay Galapagos Hotel
163,Pitimbu,BR,78.8,light rain,-7.4706,-34.8086,Reserva do Abia√≠
167,Omboue,GA,78.44,broken clouds,-1.5746,9.2618,Hotel Olako
172,Ewo,CG,74.57,overcast clouds,-0.8725,14.8206,Residence Elonda Ewo
173,Bato,PH,84.45,overcast clouds,13.3528,123.3677,Casa de Piedra
175,Kavaratti,IN,83.41,overcast clouds,10.5669,72.642,Hotels in Lakshadweep Islands
176,Padang,ID,75.2,broken clouds,-0.9492,100.3543,Mercure Padang
177,Reitoca,HN,78.8,few clouds,13.8258,-87.4653,Hotel Silis
179,Trairi,BR,74.64,broken clouds,-3.2778,-39.2689,janelas do mar
181,Sambava,MG,74.57,overcast clouds,-14.2667,50.1667,Melrose
186,Meulaboh,ID,76.87,overcast clouds,4.1363,96.1285,Kost Pria
187,San Jose,US,75.99,clear sky,37.3394,-121.895,The Westin San Jose
189,Sao Joao Da Barra,BR,77.07,clear sky,-21.6403,-41.0511,Pousada Porto De Canoas
191,Tuy Hoa,VN,79.03,overcast clouds,13.0833,109.3,CenDeluxe Hotel Tuy Hoa
196,Miraflores,MX,82.4,few clouds,19.2167,-98.8083,Hotel Mansi√≥n
197,Atambua,ID,79.97,overcast clouds,-9.1061,124.8925,Pastori 1 Jemaat Polycarpus
200,Lethem,GY,81.36,few clouds,3.3803,-59.7968,Savannah Inn
201,Faanui,PF,82.62,few clouds,-16.4833,-151.75,Bora-Bora Pearl Beach Resort & Spa
203,Lazaro Cardenas,MX,75.45,clear sky,17.9583,-102.2,Hotel Quinta Antigua
208,Los Llanos De Aridane,ES,66.2,clear sky,28.6585,-17.9182,Valle Aridane
211,Touros,BR,77.0,broken clouds,-5.1989,-35.4608,INN NEW HORIZON
216,Mocuba,MZ,71.92,light rain,-16.8392,36.9856,Phama Lodge
217,Sungairaya,ID,80.31,overcast clouds,0.7,108.9,Mess P.Milu
218,Hualmay,PE,70.23,scattered clouds,-11.0964,-77.6139,Hotel Villa Kitzia Huacho
224,Mlimba,TZ,71.8,overcast clouds,-8.8,35.8167,California Lodge
228,Nizwa,OM,75.13,scattered clouds,22.9333,57.5333,Orient Apartments
229,Victoria,HK,75.0,clear sky,22.2855,114.1577,Mini Hotel Central
233,Caravelas,BR,75.09,scattered clouds,-17.7125,-39.2481,Pousada dos Navegantes
241,Quatre Cocos,MU,77.0,broken clouds,-20.2078,57.7625,Emeraude Beach Attitude Hotel
243,Maksi,IN,76.12,clear sky,23.2667,76.15,Sunyana Hotel
244,Bathsheba,BB,77.0,few clouds,13.2167,-59.5167,Atlantis Hotel
245,Sao Bernardo,BR,73.35,light rain,-3.3614,-42.4178,Hotel Prado
246,Loanda,AO,78.8,broken clouds,-8.8368,13.2343,LANDU MARINEZA LUFUANDU TONI
248,Chuy,UY,67.82,overcast clouds,-33.6971,-53.4616,Nuevo Hotel Plaza
249,Arica,CL,68.0,clear sky,-18.475,-70.3042,Hostal Jardin Del Sol
251,Georgetown,MY,82.4,few clouds,5.4112,100.3354,Cititel Penang
253,Panaba,MX,79.88,scattered clouds,21.2833,-88.2667,Posada rosario
254,Bubaque,GW,76.37,broken clouds,11.2833,-15.8333,"Casa Dora, Bubaque"
258,Rock Sound,BS,76.69,clear sky,24.9,-76.2,Rock Sound Club
264,Geraldton,AU,73.4,clear sky,-28.7667,114.6,Broadwater Mariner Resort
265,Namuac,PH,81.79,few clouds,18.6109,121.1657,Mariner's Hub
266,Yima,CN,65.44,clear sky,34.7381,111.8839,Yima Hotel
267,Salalah,OM,75.2,clear sky,17.0151,54.0924,HAMDAN PLAZA HOTEL SALALAH
271,Birjand,IR,68.0,clear sky,32.8663,59.2211,Birjand Tourist Hotel
273,Emerald,AU,84.99,clear sky,-23.5333,148.1667,The Irish Village
274,Guanay,BO,72.66,light rain,-15.4975,-67.8797,Hotel Ritzy
281,Hobyo,SO,79.66,broken clouds,5.3505,48.5268,Halane Hotel and Restaurent
282,Maceio,BR,75.2,mist,-9.6658,-35.7353,Poutur Pousada
283,Nizamabad,IN,76.35,clear sky,18.6667,78.1167,Womens Hostel
284,Mahebourg,MU,73.4,broken clouds,-20.4081,57.7,Shandrani Beachcomber Resort & Spa
286,Pamekasan,ID,82.09,scattered clouds,-7.1568,113.4746,OYO 3027 Griya Temenggungan Syariah
287,Guanica,PR,75.99,clear sky,17.9716,-66.908,Copamarina Beach Resort & Spa
290,Atar,MR,76.96,clear sky,20.5169,-13.0499,Oumou Elghoura
291,Arraial Do Cabo,BR,78.8,clear sky,-22.9661,-42.0278,Pousada Porto Praia
297,Manama,BH,71.6,clear sky,26.2154,50.5832,Al Safir Hotel & Tower
302,Botad,IN,81.16,clear sky,22.1667,71.6667,Yogi Guest House
306,Tiznit,MA,67.5,clear sky,29.5833,-9.5,
310,Carutapera,BR,74.52,overcast clouds,-1.195,-46.02,Lidera
311,Bonthe,SL,78.13,clear sky,7.5264,-12.505,Bonthe Holiday Village
312,Ngunguru,NZ,69.01,overcast clouds,-35.6167,174.5,Pacific Rendezvous Motel Resort
315,Flinders,AU,73.99,clear sky,-34.5833,150.8552,Shellharbour Resort & Conference Centre
317,Bara,NG,75.79,clear sky,10.3744,10.7288,
318,Miri,MY,77.0,few clouds,4.4148,114.0089,"Mega Hotel, Miri"
322,Praya,CV,68.0,few clouds,14.9215,-23.5087,LT Aparthotel
326,Butterworth,MY,82.4,few clouds,5.3991,100.3638,Cititel Penang
327,Hervey Bay,AU,80.6,clear sky,-25.2986,152.8535,Shelly Bay Resort
329,San Patricio,US,78.8,overcast clouds,28.017,-97.5169,"Motel 6 Sinton, TX"
330,Puerto Colombia,CO,80.6,clear sky,10.9878,-74.9547,Hotel El Emigrante
331,Tucuman,AR,68.0,clear sky,-26.8241,-65.2226,HOTEL MIAMI
333,Sumenep,ID,82.67,few clouds,-7.0167,113.8667,OYO 3271 Homestay Pandian
334,Paranaiba,BR,75.2,few clouds,-19.6772,-51.1908,Villa Rica Park Hotel GMR
335,Antalaha,MG,74.25,overcast clouds,-14.9003,50.2788,Hotel Vitasoa
336,Sulangan,PH,81.73,scattered clouds,11.1373,123.7228,Maia's Beach Resort
337,Pandan,PH,80.94,overcast clouds,14.0453,124.1694,Bonifacio Lodge
339,Alta Floresta,BR,71.13,scattered clouds,-9.8756,-56.0861,Floresta Amazonica Hotel
342,Kintampo,GH,77.63,scattered clouds,8.0563,-1.7306,Adomaa Memorial Hotel
347,Mauldin,US,66.2,scattered clouds,34.7787,-82.3101,OYO Hotel Mauldin SC South Main Street
350,Wajid,SO,75.72,overcast clouds,3.8093,43.2471,xamdihotelresturant114
352,Am Timan,TD,81.55,scattered clouds,11.0297,20.2827,Palais du chef Canton Salamt
354,Acapulco,MX,84.2,clear sky,16.8634,-99.8901,HS Hotsson Smart Acapulco
357,Mineiros,BR,68.18,clear sky,-17.5694,-52.5511,Pil√µes Palace Hotel
358,Tonj,SS,78.64,scattered clouds,7.2737,28.6822,
361,Jobabo,CU,78.8,clear sky,20.9692,-76.2994,Motel De Aguas Claras
362,Huilong,CN,66.0,clear sky,31.8111,121.655,Hilton Garden Inn Qidong
363,Porangatu,BR,73.62,overcast clouds,-13.4408,-49.1486,Wembley Park Hotel
365,Mitu,CO,72.66,scattered clouds,1.1983,-70.1733,
366,Vaitape,PF,82.62,few clouds,-16.5167,-151.75,Conrad Bora Bora Nui
368,Vila Velha,BR,78.8,clear sky,-20.3297,-40.2925,Quality Suites Vila Velha
370,Manadhoo,MV,81.43,overcast clouds,5.7667,73.3833,Vevu Guesthouse
371,Monrovia,LR,77.0,scattered clouds,6.3005,-10.7969,Sunset Inn
373,Gladstone,AU,84.2,light rain,-23.85,151.25,Highpoint International
375,Ciudad Del Maiz,MX,73.62,clear sky,22.4,-99.6,Hotel Casona del General
376,Hamilton,US,66.2,few clouds,39.1834,-84.5333,Six Acres Bed & Breakfast
377,Bontang,ID,79.54,overcast clouds,0.1333,117.5,KOPKAR Hotel Bintang Sintuk
378,West Bay,KY,80.6,few clouds,19.3667,-81.4167,Calypso Cove
380,Kindia,GN,69.69,clear sky,10.0569,-12.8658,LES EAUX DE KILISSI
382,Kilindoni,TZ,80.89,overcast clouds,-7.9139,39.6668,Bustani B&B
385,Adeje,ES,66.0,few clouds,28.1227,-16.726,Gran Tacande Wellness & Relax
386,Ponnani,IN,80.6,mist,10.767000000000001,75.9252,Rouba Residency
389,Vao,NC,78.1,few clouds,-22.6667,167.4833,Hotel Kou-Bugny
390,Santa Maria,BR,71.6,light rain,-29.6842,-53.8069,Hotel Morotin
391,Cabo San Lucas,MX,73.99,few clouds,22.8909,-109.9124,Hotel Tesoro Los Cabos
394,Alice Springs,AU,78.8,few clouds,-23.7,133.8833,Desert Palms Alice Springs
398,Nouakchott,MR,69.8,clear sky,18.0858,-15.9785,H√¥tel Iman
401,Rio Pardo De Minas,BR,65.8,broken clouds,-15.6097,-42.5397,Hotel O√°sis Cidade Alta
404,Saint-Joseph,RE,75.2,few clouds,-21.3667,55.6167,"""Plantation Bed and Breakfast"
405,Buala,SB,84.42,moderate rain,-8.145,159.5921,Maringe Lagoon Lodge
406,San Policarpo,PH,81.57,overcast clouds,12.1791,125.5072,JM Lodge
407,Manta,EC,80.6,few clouds,-0.95,-80.7333,Balandra Hotel
411,Port Blair,IN,82.9,overcast clouds,11.6667,92.75,Welcomhotel Bay Island Port Blair
413,Salvador,SV,80.6,clear sky,13.8333,-88.9167,Chico's Ranch
415,Ca Mau,VN,84.83,broken clouds,9.1769,105.15,Kh√°ch S·∫°n M∆∞·ªùng Thanh Luxury C√† Mau
418,Yanam,IN,75.2,fog,16.7333,82.2167,The Regency Hotel
420,Lucea,JM,80.6,few clouds,18.451,-78.1736,Grand Palladium Jamaica Resort & Spa
422,Quzhou,CN,67.64,broken clouds,28.9594,118.8686,Quzhou Jiujiu Business Hotel
423,Tari,NG,74.97,clear sky,12.4086,4.4914,
425,Paciran,ID,81.19,overcast clouds,-6.8767,112.3761,Tanjung Kodok Beach Resort
427,Monkey Bay,MW,75.06,light rain,-14.0728,34.9201,Monkey Bay Beach Lodge
428,Camopi,GF,71.64,overcast clouds,3.1655,-52.3158,
437,Half Moon Bay,US,75.2,haze,37.4636,-122.4286,"The Ritz-Carlton, Half Moon Bay"
438,Bosobolo,CD,72.93,few clouds,4.1833,19.9,
439,High Rock,BS,77.0,clear sky,26.6208,-78.2833,Hideaway Bahamas Beach Club
440,Iranshahr,IR,77.0,scattered clouds,27.2025,60.6848,ŸæŸÑ⁄©Ÿá ÿ®ÿ≤ÿ±⁄Ø
444,Mpulungu,ZM,70.45,light rain,-8.7623,31.1141,Nhkupi Lodge
446,Vinh,VN,77.85,scattered clouds,18.6667,105.6667,Kh√°ch S·∫°n Th∆∞∆°ng M·∫°i
447,Idenao,CM,77.0,few clouds,4.2475,9.0047,Moland Beach Resort
449,Dunedin,NZ,68.0,few clouds,-45.8742,170.5036,Scenic Hotel Southern Cross
450,Shenzhen,CN,80.01,few clouds,22.5455,114.0683,Shenzhen Shanghai Hotel
451,Rabaul,PG,84.56,overcast clouds,-4.1967,152.1721,Rabaul Hotel
452,Payo,ID,75.65,overcast clouds,-3.7508,103.6372,Mess keban agung
453,Berberati,CF,69.24,few clouds,4.2612,15.7922,Prince Virgile ASSOMO-MOMORI
460,Atlantic Beach,US,77.0,clear sky,30.3344,-81.3987,One Ocean Resort & Spa
462,Mayahi,NE,66.42,clear sky,13.9553,7.6712,
463,Isangel,VU,84.2,scattered clouds,-19.55,169.2667,Volcano Sea View Tree House
464,Wodonga,AU,66.99,overcast clouds,-36.1167,146.8833,The Hume Inn Motel
466,Grand Gaube,MU,77.0,overcast clouds,-20.0064,57.6608,Veranda Paul et Virginie Hotel & Spa
468,San Matias,BO,77.99,few clouds,-16.3667,-58.4,"HOTEL ""SAN JOSE"""
470,Biak,ID,81.32,light rain,-0.9131,122.8766,Penginapan Kim
472,Dwarka,IN,77.41,few clouds,22.2394,68.9678,Hotel Narayan Avezika Comfort
473,Buderim,AU,84.99,broken clouds,-26.6833,153.05,Amore on Buderim Rainforest Cabins
474,Te Anau,NZ,65.05,light rain,-45.4167,167.7167,Kingsgate Hotel Te Anau
476,Samarai,PG,84.74,overcast clouds,-10.6167,150.6667,Nuli Sapi
478,Eyl,SO,77.25,overcast clouds,7.9803,49.8164,Amiin Hotel
479,Kaeo,NZ,69.01,overcast clouds,-35.1,173.7833,Bushido Lodge
480,San Miguel,SV,81.5,clear sky,13.4833,-88.1833,Hotel Tropico Inn San Miguel
482,Sao Jose Da Coroa Grande,BR,76.08,broken clouds,-8.8978,-35.1478,Cr√¥a Mares Hotel
486,Namibe,AO,74.93,overcast clouds,-15.1961,12.1522,Hotel Chik Chik Namibe
487,Puerto Escondido,MX,84.2,clear sky,15.85,-97.0667,Aldea del Bazar Hotel and Spa
488,Laguna,US,75.0,clear sky,38.421,-121.4238,Holiday Inn Express & Suites Elk Grove Central - Hwy 99
489,Axim,GH,78.13,scattered clouds,4.8699,-2.2405,AXIM BEACH RESORT AND SPA
492,Cockburn Town,TC,77.32,clear sky,21.4612,-71.1419,Osprey Beach Hotel
493,Jacareacanga,BR,73.13,moderate rain,-6.2222,-57.7528,Casa do Ianüòé
494,Aden,YE,79.2,clear sky,12.7794,45.0367,Sama Emirate Hotel
495,Puerto Ayacucho,VE,79.18,light rain,5.6639,-67.6236,Posada Turistica Manapiare
496,Sungaipenuh,ID,68.45,overcast clouds,-2.0833,101.3833,Hotel Jaya Wisata 2
501,Gunnedah,AU,75.99,broken clouds,-30.9833,150.25,Gunnedah Motor Inn
502,Nueva Loja,EC,71.53,overcast clouds,0.0847,-76.8828,Limoncocha Great Hotel
503,Paraiso,CR,73.4,few clouds,9.8383,-83.8656,Rinconcito Verde
504,Tecoanapa,MX,78.84,clear sky,16.5167,-98.75,Hotel Manglares
509,Puerto Asis,CO,72.23,scattered clouds,0.5133,-76.5007,Ayawaska Hostal
513,Upata,VE,70.38,broken clouds,8.0086,-62.3989,Posada Villa Nela
514,Labuhan,ID,81.36,overcast clouds,-6.8844,112.2051,PT PPI Lamongan Tambak C
516,Australind,AU,72.16,clear sky,-33.2667,115.7167,ON THE ESTUARY
517,Boa Vista,BR,84.2,broken clouds,2.8197,-60.6733,Aipana Plaza Hotel
518,Souillac,MU,73.4,broken clouds,-20.5167,57.5167,Shanti Maurice Resort & Spa
520,Piacabucu,BR,77.0,broken clouds,-10.4056,-36.4344,Pia√ßabu√ßu News
522,Airai,TL,69.82,overcast clouds,-8.9266,125.4092,Juvinal Martin
525,Acarau,BR,76.6,overcast clouds,-2.8856,-40.12,castelo pizzaria
527,Mayumba,GA,79.2,heavy intensity rain,-3.432,10.6554,LIKWALE LODGE
530,Inirida,CO,74.75,few clouds,3.8653,-67.9239,Fuente del Guania Hotel de Lujo
531,Methala,IN,78.8,mist,10.2166,76.2166,Style Homes Holiday Inn
532,Yilan,TW,80.01,few clouds,24.756999999999998,121.75299999999999,Dar Chen Hotel
534,Custodia,BR,70.07,scattered clouds,-8.0875,-37.6431,Hotel do Sert√£o
536,Amuntai,ID,78.1,overcast clouds,-2.4177,115.2494,Hotel Balqis
539,Pangoa,PE,69.28,overcast clouds,-12.1167,-73.0,
541,Rongcheng,CN,66.56,clear sky,30.634,117.8517,Shell Shandong Liaocheng Development District South Huangshan Road Hotel
542,Buritis,BR,71.1,scattered clouds,-15.6178,-46.4233,Hotel Rainha do Vale
544,Coahuayana,MX,78.8,scattered clouds,18.7333,-103.6833,El rranchito michuacan de ocampos
545,Ambovombe,MG,70.9,clear sky,-25.1667,46.0833,RELAHARA
548,Songea,TZ,66.2,moderate rain,-10.6833,35.65,mtakuja
549,Bud,US,66.2,clear sky,39.446999999999996,-86.1758,Ted McQuinn Trust
552,Arlit,NE,67.32,clear sky,18.7369,7.3853,Case de Passage De la Prefecture
554,Cap Malheureux,MU,77.0,overcast clouds,-19.9842,57.6142,Pereybere Hotel & Spa
555,Kalawit,PH,83.91,broken clouds,8.0667,122.5167,Ompoy Pension House
556,Goundam,ML,74.95,clear sky,16.4145,-3.6708,
557,Barreirinhas,BR,75.83,overcast clouds,-2.7469,-42.8264,Gran Len√ß√≥is Flat Residence
558,Mangrol,IN,77.36,broken clouds,21.1167,70.1167,Hotel The Royal Honours
563,Iberia,US,75.2,overcast clouds,29.9502,-91.7507,back to back rv park
565,Naze,JP,71.6,broken clouds,28.3667,129.4833,Â•ÑÁæé„Éù„Éº„Éà„Çø„ÉØ„Éº„Éõ„ÉÜ„É´
566,Kusti,SD,77.97,clear sky,13.1629,32.6635,ŸÅŸÜÿØŸÇ ÿßŸÑŸÉŸàÿ®ÿßÿ±Ÿä - Kobari Hotel
570,Deogarh,IN,72.28,clear sky,21.5333,84.7333,RM Hostel
571,Rocha,UY,65.64,overcast clouds,-34.4833,-54.3333,Beleza Pura B&B
577,Alofi,NU,82.4,light rain,-19.0595,-169.9187,Taloa Heights
583,Saint-Pierre,RE,75.2,few clouds,-21.3393,55.4781,Lindsey H√¥tel
584,Wewak,PG,79.7,overcast clouds,-3.5534,143.6268,In Wewak Boutique Hotel
587,Beroroha,MG,69.35,clear sky,-21.6667,45.1667,
588,Akyab,MM,77.68,overcast clouds,20.15,92.9,Hotel Memory
590,Jibuti,DJ,75.2,haze,11.5,42.5,Orchid Main Camp Goubet
592,Davila,PH,82.4,few clouds,18.4726,120.5763,Blue Ridge Beach Resort
593,Shasta Lake,US,78.8,clear sky,40.6804,-122.3708,Shasta Dam Motel
596,Barao De Melgaco,BR,82.4,clear sky,-16.1944,-55.9675,Tuiuiu Pantanal Hotel
597,Lingsugur,IN,78.57,scattered clouds,16.1667,76.5167,Hanamantappa police house
599,Basco,PH,80.13,clear sky,20.4487,121.9702,Nathaniel's Lodge
600,Yeppoon,AU,84.2,scattered clouds,-23.1333,150.7333,Villa Mar Colina
602,Vacaria,BR,66.0,overcast clouds,-28.5122,-50.9339,Pampa Hotel - Vacaria/RS
603,Makakilo City,US,84.2,scattered clouds,21.3469,-158.0858,Marriott's Ko Olina Beach Club
604,Maiduguri,NG,74.12,clear sky,11.8464,13.1603,Beach Guest Home
605,Port Hueneme,US,73.4,clear sky,34.1478,-119.1951,Hampton Inn Channel Islands Harbor
606,Poum,NC,80.85,few clouds,-20.2333,164.0167,G√Æte kajeon
609,Port Augusta,AU,68.0,clear sky,-32.5,137.7667,Majestic Oasis Apartments
611,Chinchani,IN,80.44,clear sky,19.8667,72.7,Vasantshrushti Farm
614,Byron Bay,AU,78.8,clear sky,-28.65,153.6167,Backpackers Inn on the Beach
616,Xuddur,SO,72.16,overcast clouds,4.1213,43.8894,Banjanay Hotel
617,Mon,IN,71.64,clear sky,26.75,95.1,NCK Cottage
618,Comodoro Rivadavia,AR,71.6,clear sky,-45.8667,-67.5,Austral Hotel
619,Ahuimanu,US,82.4,scattered clouds,21.4447,-157.8378,Paradise Bay Resort
620,Talara,PE,71.89,broken clouds,-4.5772,-81.2719,Hostal Oro Negro
622,Olinda,BR,75.2,light rain,-8.0089,-34.8553,Hotel Albergue de Olinda
623,Pemba,MZ,75.2,moderate rain,-12.974,40.5178,Guesthouse Samotina
624,Kailua,US,82.4,scattered clouds,21.4022,-157.7394,Sheffield House Bed & Breakfast
625,Dalbandin,PK,73.31,clear sky,28.8947,64.4101,Sanjrani House
629,Vanimo,PG,81.93,moderate rain,-2.6741,141.3028,Vahmoneh Lodge Vanimo
633,Haikou,CN,75.2,few clouds,20.0458,110.3417,Sun City Restaurant
635,Rockledge,US,78.01,clear sky,28.3508,-80.7253,Aladdin Motel
636,Gondanglegi,ID,80.83,few clouds,-7.7479,112.0132,Gg. Munasir Homestay
640,Minab,IR,71.6,overcast clouds,27.1467,57.0801,Bam campground
641,Nicoya,CR,84.2,clear sky,10.1483,-85.45200000000001,Guayacan Real
642,Nikki,BJ,77.58,clear sky,9.9401,3.2108,Hotel John
646,Berbera,SO,76.44,clear sky,10.4396,45.0143,IBCO REAL ESTATE PROPERTY
648,Namatanai,PG,84.76,light rain,-3.6667,152.4333,Namatanai Hotel
651,Dingle,PH,83.32,overcast clouds,10.9995,122.6711,SEGAYA PROPERTY
653,Wanaka,NZ,69.39,light rain,-44.7,169.15,Wanaka Homestead Lodge and Cottages
658,Tumaco,CO,76.32,overcast clouds,1.7986,-78.8156,Dafneruben
660,Soyo,AO,80.11,broken clouds,-6.1349,12.3689,Hotel Mpampa
663,Trincomalee,LK,79.11,broken clouds,8.5711,81.2335,Welcombe Hotel
664,Lorengau,PG,83.86,overcast clouds,-2.0226,147.2712,Lorengau Harbourside Hotel
665,Porbandar,IN,77.22,broken clouds,21.6422,69.6093,Lords Inn Porbandar
667,Bang Saphan,TH,84.99,few clouds,11.2126,99.5117,Ladawan Boutique Hotel
668,Birao,CF,79.3,clear sky,10.2849,22.7882,
670,Mahajanga,MG,78.8,few clouds,-15.7167,46.3167,Restaurant Greedy Coco Lodge Majunga
673,Pali,IN,75.2,clear sky,25.7667,73.3333,Seervi Hostel
675,Calabozo,VE,83.12,overcast clouds,8.9242,-67.4293,Hotel Giardini
679,Grand-Santi,GF,71.78,overcast clouds,4.25,-54.3833,Hotel La Villa Couacou
681,Jacupiranga,BR,70.25,heavy intensity rain,-24.6925,-48.0022,HOTEL SUZYELLEM
684,Doha,QA,73.4,clear sky,25.2867,51.5333,Doha Marriott Hotel
687,Carnot,CF,71.51,scattered clouds,4.9409,15.8665,
690,Kuching,MY,80.6,few clouds,1.55,110.3333,The Ranee Boutique Suites
692,Iquitos,PE,78.8,scattered clouds,-3.7481,-73.2472,Casa Morey Hotel & Restaurant
696,Kahului,US,82.4,scattered clouds,20.8947,-156.47,Maui Seaside Hotel
697,Panguna,PG,78.76,light rain,-6.3164,155.4848,
698,Callaway,US,72.0,overcast clouds,30.153000000000002,-85.5699,Holiday Inn Express & Suites Panama City-Tyndall
710,Huarmey,PE,70.66,broken clouds,-10.0681,-78.1522,Hotel Miramar
712,Mucurapo,TT,77.0,few clouds,10.6667,-61.5333,Courtyard by Marriott Port of Spain
713,Vangaindrano,MG,72.09,few clouds,-23.35,47.6,Hotel Fanilo
716,Saint George,US,69.01,clear sky,37.1041,-113.5841,Best Western Plus Abbey Inn
717,Mogadishu,SO,79.9,overcast clouds,2.0371,45.3438,Olympic Hotel
719,Sibu,MY,78.8,scattered clouds,2.3,111.8167,RH HOTEL (4 Star)
720,Rawson,AR,67.66,overcast clouds,-43.3002,-65.1023,Hosteria Sampedro
722,Lasem,ID,81.48,scattered clouds,-6.6922,111.4527,"Nyah Lasem | Museum, Guest House & Community Center"
723,Casa Nova,BR,84.2,clear sky,-9.4167,-41.1333,Pousada e Restaurante Dona Xinha
724,Borazjan,IR,68.0,sand,29.2666,51.2159,ÿ¥ÿ±⁄©ÿ™ ÿ≤ÿ±ŸÖŸáÿ±€åÿßÿ± ÿ¥ÿπÿ®Ÿá ÿ≥ŸàŸÖ
730,San Andres,CO,80.6,few clouds,12.5847,-81.7006,Hotel Arena Blanca
732,Bambanglipuro,ID,81.54,broken clouds,-7.95,110.2833,Puri Brata
737,Carpinteria,US,73.0,clear sky,34.3989,-119.5185,Holiday Inn Express & Suites Carpinteria
739,Jacqueville,CI,80.6,clear sky,5.2052,-4.4146,Hotel Le Martin Pecheur
740,Salina Cruz,MX,80.35,clear sky,16.1667,-95.2,Amerik HOTEL
741,Ulladulla,AU,70.0,broken clouds,-35.35,150.4667,Sandpiper Motel
746,Nioro,GM,76.8,few clouds,13.35,-15.75,
747,Kabugao,PH,84.85,few clouds,18.0217,121.1842,ACLC-BOYS DORMITORY
749,Velingara,SN,80.1,few clouds,13.15,-14.1167,Hotel Najla
750,Reyes,BO,73.02,overcast clouds,-14.3167,-67.3833,
751,Red Bluff,US,78.8,clear sky,40.1785,-122.2358,Hampton Inn & Suites Red Bluff
752,Pakxe,LA,82.4,mist,15.1167,105.7833,Champasak Palace Hotel
753,Puerto Madryn,AR,67.86,scattered clouds,-42.7692,-65.0385,Hotel Tolosa
755,Lagunas,PE,74.44,overcast clouds,-5.2269,-75.6753,Hospedaje Eco
756,San Ramon,US,75.99,clear sky,37.7799,-121.978,San Ramon Marriott
760,Chabahar,IR,76.21,overcast clouds,25.2919,60.643,Ÿáÿ™ŸÑ ⁄ØÿØÿ±Ÿàÿ¥€åÿß
761,Oranjestad,AW,80.6,few clouds,12.524000000000001,-70.027,Divi Village Golf & Beach Resort
762,Felipe Carrillo Puerto,MX,76.73,clear sky,19.5833,-88.05,Hotel La Ceiba
765,Changuinola,PA,75.69,clear sky,9.4333,-82.5167,ApartHotel Villa Esmeralda
767,Bilma,NE,67.39,clear sky,18.6853,12.9164,Expeditions T√©n√©re voyages
768,Oussouye,SN,73.4,clear sky,12.485,-16.5469,Auberge du Routard
775,Jutai,BR,73.63,overcast clouds,-5.1833,-68.9,
779,Ranapur,IN,78.17,clear sky,22.65,74.5333,My Indraprasth Tourist Homestay
780,Farafangana,MG,73.76,few clouds,-22.8167,47.8333,Miarina
784,San Isidro,PE,70.0,clear sky,-12.1167,-77.05,Soul Mate-Inn
785,Sorong,ID,78.12,moderate rain,-0.8833,131.25,The Waigo Hotel
787,Maumere,ID,83.05,overcast clouds,-8.6199,122.2111,Sylvia Hotel
788,Riyadh,SA,73.4,clear sky,24.6877,46.7219,InterContinental Riyadh
791,Jati,PK,74.64,broken clouds,24.3539,68.2671,Cafe Lala Rehan Restaurant
792,Libreville,GA,80.6,few clouds,0.3925,9.4537,Hotel Re-Ndama
793,Morgan City,US,75.99,broken clouds,29.6994,-91.2068,Hampton Inn & Suites Morgan City
794,Kalangala,UG,68.0,light rain,-0.3089,32.225,Ssese Habitat Resort
795,Werda,BW,65.95,clear sky,-25.2667,23.2833,
796,Kolaras,IN,75.74,clear sky,25.2333,77.6,Shiv Shakti Garden (Gayatri Colony)
800,The Valley,AI,78.8,scattered clouds,18.217,-63.0578,CeBlue Villas & Beach Resort
801,Intipuca,SV,79.09,clear sky,13.1969,-88.0544,Tropiclub Playa El Cuco
802,Gorom-Gorom,BF,77.38,clear sky,14.4439,-0.2361,
806,Estelle,US,78.8,broken clouds,29.8458,-90.1067,Ohio
807,Unai,BR,70.7,scattered clouds,-16.3575,-46.9061,Hotel Regente
811,Lamu,KE,80.6,scattered clouds,-2.2717,40.902,Lamu House
813,Fayaoue,NC,80.64,clear sky,-20.65,166.5333,Chez Dydyce Guesthouse
815,Mumford,GH,78.82,clear sky,5.2618,-0.759,Spanish Villa
816,Mecca,SA,69.51,clear sky,21.4267,39.8261,"Makkah Clock Royal Tower, A Fairmont Hotel"
820,Morro Bay,US,70.0,clear sky,35.3658,-120.8499,Inn at Morro Bay
822,Majenang,ID,81.43,clear sky,-7.2975,108.7642,Strum Aki Majenang
823,Porto Velho,BR,77.0,light rain,-8.7619,-63.9039,Hotel Central
826,Navirai,BR,77.59,overcast clouds,-23.065,-54.1906,Dubai Hotel - Tamb√©m sua casa!
827,Salinas,US,69.8,clear sky,36.6777,-121.6555,Laurel Inn & Conference Center
830,Bondoukou,CI,73.65,light rain,8.0333,-2.8,Prestige Hotel
832,Suleja,NG,84.2,haze,9.1758,7.1808,Capy Motel
835,Taft,IR,68.0,dust,31.7471,54.2088,ÿ®ŸàŸÖ ⁄Øÿ±ÿØ€å ÿ≠ÿßÿ¨€å ÿ≤€åŸÜŸÑ ÿ™ŸÅÿ™
836,Kavali,IN,73.99,overcast clouds,14.9167,79.9833,Lic B.M Quearter's
838,Adelaide,AU,69.01,scattered clouds,-34.9333,138.6,The Chancellor on Currie
839,Aripuana,BR,72.39,few clouds,-9.1667,-60.6333,
840,Kananga,CD,68.0,broken clouds,-5.8958,22.4178,Guest House Wood Land
841,Richards Bay,ZA,70.23,light rain,-28.783,32.0377,BON Hotel Waterfront Richards Bay
843,Boende,CD,70.48,light rain,-0.2167,20.8667,
844,Puerto Leguizamo,CO,73.53,overcast clouds,-0.1934,-74.7819,la casona de juancho
845,Sumbe,AO,76.75,scattered clouds,-11.2061,13.8437,Hotel Ritz Sumbe
847,Areia Branca,BR,78.35,overcast clouds,-4.9561,-37.1369,Areia Branca Apart Hotel
848,West Richland,US,66.2,clear sky,46.3043,-119.3614,Horn Rapids RV Resort
849,Odienne,CI,79.32,clear sky,9.51,-7.5692,Oustaz Vame DIAKITE
850,Rodrigues Alves,BR,73.26,scattered clouds,-7.7379999999999995,-72.6509,Pousada Aconchego
852,Barahona,DO,77.25,clear sky,18.2085,-71.1008,Hotel Caribe
854,Kabo,CF,78.03,broken clouds,7.6994,18.629,
858,Kieta,PG,82.36,moderate rain,-6.2167,155.6333,Uruna Bay Retreat
859,Hirara,JP,77.0,broken clouds,24.8,125.2833,Hotel Atoll Emerald Miyakojima
860,Cayenne,GF,80.01,broken clouds,4.9333,-52.3333,H√¥tel Le Dronmi
862,Yulara,AU,78.8,overcast clouds,-25.2406,130.9889,Desert Gardens Hotel - Ayers Rock Resort
863,Carupano,VE,74.7,overcast clouds,10.6678,-63.2585,Hotel La dorada
867,Kidal,ML,69.51,clear sky,18.4411,1.4078,
869,Grand-Lahou,CI,77.74,overcast clouds,5.1367,-5.0242,Hotel Beatitude de Grand Lahou
870,Rosario Oeste,BR,75.99,few clouds,-14.8361,-56.4275,ARLS Cavaleiros da Fraternidade n¬∞67
874,Chicama,PE,72.34,overcast clouds,-7.8447,-79.1469,Chicama Me Gusta
878,Lambarene,GA,74.95,scattered clouds,-0.7001,10.2406,Le Refuge
886,Batemans Bay,AU,69.01,few clouds,-35.7167,150.1833,Batemans Bay Marina Resort
888,Placerville,US,69.01,clear sky,38.7296,-120.7986,Historic Cary House Hotel
889,Muisne,EC,76.21,broken clouds,0.6,-80.0333,Quinta Samay
890,Pringsewu,ID,75.67,overcast clouds,-5.3582,104.9744,Urban Style by Front One
891,Cuamba,MZ,67.03,light rain,-14.8031,36.5372,Hotel Vision
895,Bahia De Caraquez,EC,80.6,few clouds,-0.6,-80.4167,La Piedra Hotel
896,Mtambile,TZ,80.02,overcast clouds,-5.3833,39.7,
897,Brenham,US,77.0,clear sky,30.1669,-96.3977,Hampton Inn & Suites Brenham
898,Horizontina,BR,68.0,light rain,-27.6258,-54.3078,Hotel Avenida
899,Mana,GF,76.44,broken clouds,5.6592,-53.7767,LE SAMANA
900,Wahiawa,US,84.2,scattered clouds,21.5028,-158.0236,Aloha Wahiawa
902,Tshikapa,CD,67.21,broken clouds,-6.4167,20.8,H√¥tel Tshia-Muntu de Tshikapa
904,Avera,US,75.2,haze,33.194,-82.5271,
905,Bajil,YE,76.59,clear sky,15.0584,43.2851,ŸÅŸÜÿØŸÇ ÿßŸÑÿ¨ŸÑÿßŸÑ
908,Jacmel,HT,77.58,clear sky,18.2342,-72.5347,Hotel Florita
909,Lagos,NG,78.89,overcast clouds,6.5833,3.75,
912,Cabedelo,BR,78.8,broken clouds,-6.9811,-34.8339,Hotel Pigalle
916,Aquiraz,BR,77.0,broken clouds,-3.9014,-38.3911,Pousada Rua Camurupim
918,Meiganga,CM,70.3,scattered clouds,6.5167,14.3,DFR HOUSE
920,Itoman,JP,77.0,scattered clouds,26.1247,127.6694,Southern Beach Hotel & Resort Okinawa
921,Mongomo,GQ,69.1,overcast clouds,1.6274,11.3135,Mbon Ekua
924,Itarema,BR,76.01,overcast clouds,-2.9248,-39.9167,"Sea Lounge! Bar, Club & Restaurant"
929,Koumac,NC,83.57,scattered clouds,-20.5667,164.2833,Le Monitel
933,Bakau,GM,69.8,scattered clouds,13.4781,-16.6819,Badala Park Hotel
934,Minuri,PH,82.51,scattered clouds,16.535,121.8574,
937,Garowe,SO,69.69,clear sky,8.4054,48.4845,Curubo Hotel
938,Port-Gentil,GA,81.14,overcast clouds,-0.7193,8.7815,Fengshui Residence
940,Carbondale,US,68.0,broken clouds,37.7273,-89.2168,Best Western Saluki Inn
941,Praia,CV,68.0,few clouds,14.9215,-23.5087,LT Aparthotel
943,Bidor,MY,77.0,scattered clouds,4.1139,101.2884,Hotel Bidor mk
944,Camocim,BR,75.78,overcast clouds,-2.9022,-40.8411,Hotel Ilha do Amor
946,Muli,MV,77.61,overcast clouds,2.9167,73.5667,Medhufushi Island Resort
952,Monywa,MM,83.8,broken clouds,22.1167,95.1333,Monywa Hotel
953,Mareeba,AU,84.0,scattered clouds,-17.0,145.4333,Trinity Plains Tourist Park
954,Samana,DO,74.62,few clouds,19.2056,-69.3369,The Bannister - Hotel & Yacht Club
959,Buta,CD,67.46,scattered clouds,2.7858,24.73,HOTEL BISO NA BISO
962,Wawa,NG,80.08,few clouds,9.9022,4.4192,
964,Abu Zabad,SD,72.23,clear sky,12.35,29.25,ÿ≠ÿßŸÖÿØ ŸÖÿ≠ŸÖÿØ ŸÜŸàÿ±
965,Keffi,NG,84.2,haze,8.8486,7.8736,Imam Family
969,Santa Rosalia,MX,66.18,clear sky,27.3167,-112.2833,Hotel Las Casitas Santa Rosalia
971,Ahmadpur,IN,77.88,clear sky,18.7,76.9333,Hengane (Pitashri Niwas)
972,Dakar,SN,66.2,clear sky,14.6937,-17.4441,Redface Studios Meubl√©s
976,Birmitrapur,IN,71.56,clear sky,22.4,84.7667,ANUP LOMGA
977,Sabang,ID,82.17,broken clouds,5.8933,95.3214,Hotel Citra
978,Santiago De Cuba,CU,80.6,few clouds,20.0247,-75.8219,Cubanacan San Felix
980,Sawakin,SD,71.33,clear sky,19.1059,37.3321,ŸÅŸÜÿØŸÇ ÿßŸÑÿØŸàŸäŸÖ
981,Ternate,ID,80.28,moderate rain,0.8,127.4,Grand Dafam Bela Ternate
982,Nagtipunan,PH,84.04,overcast clouds,16.2167,121.6,D' Fields Travellers Place
983,Mataram,ID,78.8,mist,-8.5833,116.1167,Hotel Santika Mataram
988,Dubbo,AU,73.4,clear sky,-32.25,148.6167,Comfort Inn Blue Lagoon
992,Kabinda,CD,65.32,overcast clouds,-6.1333,24.4833,Village Mianda Mutole
995,Thinadhoo,MV,82.29,overcast clouds,0.5333,72.9333,
997,Luzhou,CN,67.5,clear sky,28.8724,105.4405,Shijichun Hotel
999,Marovoay,MG,78.8,few clouds,-16.1,46.6333,
1004,Lumut,MY,75.2,few clouds,4.2323,100.6298,"Marina Island Pangkor Resort & Hotel (Suites, Function Rooms and Convention Hall)"
1005,Bom Jesus,BR,76.64,scattered clouds,-9.0744,-44.3586,Hotel Bras√£o & Floricultura Bella Flor
1008,Kroya,ID,81.86,few clouds,-7.6331,109.2461,RUSTANTO Fam
1009,Pokhara,NP,65.44,clear sky,28.2333,83.9833,Butterfly Lodge
1012,Nampula,MZ,73.4,few clouds,-15.1165,39.2666,BUTIK Hotel
1015,Kaman,IN,73.04,clear sky,27.65,77.2667,Dr.kishan kaman
1017,Puerto Baquerizo Moreno,EC,77.83,overcast clouds,-0.9,-89.6,Hotel los Algarrobos
1019,Kangundo,KE,66.2,scattered clouds,-1.2979,37.3471,New Musemei Hotel
1022,Palasa,IN,77.61,clear sky,18.7667,84.4167,Balaji tifen & meals veg & non veg hotel
1023,Mango,US,79.0,clear sky,27.9797,-82.3065,Hilton Garden Inn Tampa East/Brandon
1024,Mwingi,KE,69.26,overcast clouds,-0.9344,38.0601,Thorn Tree by The Address
1025,Andros Town,BS,77.0,scattered clouds,24.7,-77.7667,Hanks place
1027,Ranibennur,IN,73.98,broken clouds,14.6167,75.6167,HOTEL SRI NANDI
1030,California City,US,75.0,clear sky,35.1258,-117.9859,Best Western California City Inn & Suites
1031,Trinidad,BO,74.8,overcast clouds,-14.8333,-64.9,Hotel Piesta
1036,Bima,ID,82.71,overcast clouds,-8.4667,118.7167,Lambitu Hotel
1037,Kudahuvadhoo,MV,78.42,overcast clouds,2.6708,72.8944,Niyama Private Islands Maldives
1041,Kaura Namoda,NG,70.3,clear sky,12.5898,6.5779,Moonlight Hotel
1045,Sao Felix Do Xingu,BR,71.92,overcast clouds,-6.6447,-51.995,Rio Xingu Camping
1047,Umm Lajj,SA,70.32,overcast clouds,25.0213,37.2685,Moon light Furnished Units
1048,Ambon,ID,78.8,moderate rain,-3.6954,128.1814,Swiss-Belhotel Ambon
1049,Ribas Do Rio Pardo,BR,79.79,overcast clouds,-20.4431,-53.7592,Pousada Avenida
1055,George Town,MY,82.4,few clouds,5.4112,100.3354,Cititel Penang
1057,Ouadda,CF,72.07,scattered clouds,8.0777,22.4007,
1061,Beneditinos,BR,75.2,broken clouds,-5.45,-42.3667,Pousada e Churrascaria Cabo Miguel
1063,Vayalar,IN,78.8,mist,9.7,76.3333,Vasundhara Sarovar Premiere
1065,Tocopilla,CL,67.68,few clouds,-22.092,-70.1979,Hotel Galvarino
1067,Arinos,BR,71.55,scattered clouds,-15.9169,-46.1056,casa do bruno
1068,Hilton Head Island,US,70.0,few clouds,32.2163,-80.7526,Disney‚Äôs Hilton Head Island Resort
1070,Thai Binh,VN,73.4,light intensity drizzle,20.45,106.3333,Sweden Hotel
1077,Ishigaki,JP,77.0,broken clouds,24.3448,124.1572,Hotel Peace Land Ishigakijima
1080,Palatka,US,79.0,overcast clouds,29.6486,-81.6376,Holiday Inn Express & Suites Palatka Northwest
1081,Umm Kaddadah,SD,68.31,clear sky,13.6017,26.6876,
1082,Terenos,BR,78.8,clear sky,-20.4422,-54.8603,QUINTAS
1083,Rajapur,IN,77.11,clear sky,25.3833,81.15,B.K. Computer & Janseva Kendra
1084,Imbituba,BR,75.2,scattered clouds,-28.24,-48.6703,Praia Hotel Imbituba
1085,Santa Vitoria,BR,73.74,clear sky,-18.8386,-50.1214,Center Hotel
1086,Inhambane,MZ,71.6,scattered clouds,-23.865,35.3833,Oceano
1087,Lishui,CN,68.0,overcast clouds,28.4604,119.9103,Bayi Hotel
1088,Itaituba,BR,73.26,moderate rain,-4.2761,-55.9836,Hotel Campos
1093,Gibara,CU,78.8,clear sky,21.1097,-76.1317,Sol y Mar
1094,Tambura,SS,71.31,overcast clouds,5.6,27.4667,Rikito Lodge
1097,Hurricane,US,69.01,clear sky,37.1753,-113.2899,Super 8 by Wyndham Hurricane Zion National Park
1100,Tubuala,PA,82.4,few clouds,9.5167,-79.0333,R√≠o Nabagana
1102,Barras,BR,72.72,light rain,-4.2444,-42.2944,Casa Vale
1104,Bom Jesus Dos Perdoes,BR,73.4,clear sky,-23.135,-46.4653,Sitio Rancho Apallosa
1105,Ilo,PE,69.22,broken clouds,-17.6394,-71.3375,Torreblanca Hotel
1106,Wilmington,US,73.4,overcast clouds,34.2257,-77.9447,"Hotel Ballast Wilmington, Tapestry Collection by Hilton"
1108,Susanville,US,66.2,clear sky,40.4163,-120.65299999999999,Red Lion Inn & Suites Susanville
1111,Belmonte,BR,78.8,clear sky,-15.8631,-38.8828,Pousada Monte Carmelo O P√£o
1115,Itupiranga,BR,73.81,overcast clouds,-5.1347,-49.3267,Hotel Panorama
1118,Liku,ID,81.86,overcast clouds,-0.7275,119.8922,Kost Raisa & homestay
1119,Chaozhou,CN,71.6,mist,23.6651,116.6379,Seven Corner View Homestay
1120,Luba,GQ,77.0,light rain,3.4568,8.5547,
1122,Ilhabela,BR,78.04,scattered clouds,-23.7781,-45.3581,Ilha Flat Hotel
1124,Jeremie,HT,77.16,clear sky,18.65,-74.1167,Auberge‚ÄôInn
1128,Wanning,CN,79.0,broken clouds,18.8003,110.3967,Paradise Hotel
1129,Terrell,US,75.2,clear sky,32.736,-96.2753,Holiday Inn Express & Suites Terrell
1134,Xai-Xai,MZ,75.22,light rain,-25.0519,33.6442,Complexo da Familia
1135,Tamiahua,MX,74.68,few clouds,21.2667,-97.45,Mission Of The Sun Hotel
1138,Florianopolis,BR,75.2,scattered clouds,-27.6146,-48.5012,Hotel Boutique Quinta das Videiras
1140,Santana,BR,82.4,clear sky,-0.0583,-51.1817,Porto Santana
1144,Kampot,KH,84.2,scattered clouds,10.6167,104.1833,Two Moons Hotel
1148,Barabai,ID,78.39,overcast clouds,-2.5833,115.3833,HOTEL BOURAQ INDAH PERMAI
1150,Manzanillo,CU,78.51,scattered clouds,20.3433,-77.1167,"HOSTAL ""THE YELLOW HOUSE"""
1151,Pascagoula,US,75.2,overcast clouds,30.3658,-88.5561,Regency Inn
1152,Port Lincoln,AU,65.8,clear sky,-34.7333,135.8667,Port Lincoln Hotel
1156,Estefania,PH,81.25,scattered clouds,17.7976,121.7253,Good Samaritan Travelers' Inn
1158,Mabini,PH,82.4,broken clouds,15.6,120.9833,Anya's Private Pool
1162,Tomatlan,MX,73.76,overcast clouds,19.9333,-105.25,Norma franco
1163,Pangkalanbuun,ID,80.02,broken clouds,-2.6833,111.6167,Grand Kecubung Hotel
1166,Springdale,US,68.0,light rain,36.1867,-94.1288,Springdale Inn
1167,Canto Do Buriti,BR,75.0,scattered clouds,-8.11,-42.9444,Novo Hotel
1168,Yaan,NG,82.29,broken clouds,7.3833,8.5667,
1169,Redcliffe,AU,84.0,scattered clouds,-27.2307,153.0973,Redvue Apartments
1171,Tessalit,ML,68.16,clear sky,20.1986,1.0114,
1173,Balabac,PH,83.62,overcast clouds,7.9868,117.0645,Sing and Swing Lodge
1174,Santa Cruz,BO,68.0,light rain,-17.8,-63.1667,Aviador Hotel Boutique
1178,Talbahat,IN,75.6,clear sky,25.05,78.4333,PWD Guest House
1179,Sur,OM,81.46,clear sky,22.5667,59.5289,Sur Plaza Hotel
1180,Esperanza,DO,73.99,clear sky,19.5847,-70.9849,Caba√±as Bernard - Alojamientos Tur√≠sticos
1183,Puerto Cabezas,NI,76.14,clear sky,14.0351,-83.3888,Caba√±a Caribe
1185,Manikpur,IN,76.71,clear sky,25.0667,81.1167,Pure Jhau Lal
1187,La Asuncion,VE,76.01,overcast clouds,11.0333,-63.8628,Colinas de Matasiete
1188,Martapura,ID,78.8,few clouds,-3.4167,114.85,Montana Hotel Syariah
1189,Karema,TZ,68.97,overcast clouds,-6.8205,30.4389,
1191,Vung Tau,VN,81.09,overcast clouds,10.345999999999998,107.0843,Green hotel
1192,Lindsay,US,75.99,clear sky,36.203,-119.0882,Lindsay Inn
1194,Quang Ngai,VN,77.41,overcast clouds,15.1167,108.8,Central Hotel
1195,Godda,IN,76.66,clear sky,24.8333,87.2167,HOTEL TUSH TAYA RESIDENCY
1199,Santa Maria Da Vitoria,BR,72.75,overcast clouds,-13.3947,-44.1886,Pousada Rio Current
1205,Tulua,CO,71.6,broken clouds,4.0847,-76.1954,Hotel Coraz√≥n del Valle
1206,Banjar,ID,82.4,few clouds,-8.19,114.9675,The Hamsa Resort
1207,Puerto Narino,CO,77.0,scattered clouds,-3.7703,-70.3831,Eware Refugio Amazonico
1210,Taunggyi,MM,69.93,few clouds,20.7833,97.0333,True Treasure Hotel
1211,Kant,IN,70.12,clear sky,27.8,79.8,Haseeb Khan shatreng
1213,Kouango,CF,73.71,scattered clouds,4.9934,19.9619,
1215,El Alto,PE,70.84,overcast clouds,-4.2714,-81.2147,Black Marlin Restaurant & Hospedaje
1216,Lima,PE,70.0,clear sky,-12.0432,-77.0282,Gran Hotel Bolivar Lima
1217,Kaohsiung,TW,81.0,broken clouds,22.6163,120.3133,Kindness Hotel
1218,San Angelo,US,80.6,clear sky,31.4638,-100.43700000000001,"Motel 6 San Angelo, TX"
1220,Adre,TD,70.39,clear sky,13.4667,22.2,
1225,Cam Ranh,VN,80.6,few clouds,11.9214,109.1591,OYO 598 Peony Hotel
1228,Banda Aceh,ID,80.96,broken clouds,5.5577,95.3222,Sulthan Hotel International
1229,Nambour,AU,84.99,scattered clouds,-26.6333,152.95,Nambour Lodge Motel
1231,Bam,IR,74.66,few clouds,29.105999999999998,58.357,Bam Tourist Hotel
1233,Trelew,AR,68.94,overcast clouds,-43.248999999999995,-65.3051,Hotel Touring Club
1234,Gao,ML,69.06,clear sky,16.6362,1.6369999999999998,
1238,Urucui,BR,74.95,few clouds,-7.2294,-44.5561,Hotel Premium Piau√≠
1242,Pontianak,ID,78.8,scattered clouds,-0.0333,109.3333,Aston Pontianak Hotel & Convention Center
1246,Sorab,IN,71.33,overcast clouds,14.3833,75.1,Sorba Government Guest House
1248,Puyang,CN,68.14,broken clouds,29.4603,119.8861,Xianhua Sandalwood Celebrity Hotel
1250,Isla Vista,US,71.01,clear sky,34.4133,-119.861,Best Western Plus South Coast Inn
1251,Manggar,ID,81.12,overcast clouds,-2.8833,108.2667,Guest Hotel
1252,Mildura,AU,66.0,overcast clouds,-34.2,142.15,Mercure Hotel Mildura
1253,Itamaraca,BR,75.2,mist,-7.7478,-34.8256,Special K's Bed & Breakfast
1255,Bowen,AU,84.2,scattered clouds,-20.0167,148.2333,Castle Motor Lodge Motel
1260,Lusambo,CD,68.95,overcast clouds,-4.9667,23.45,
1263,Zinder,NE,67.78,clear sky,13.8072,8.9881,Hotel de Ville
1264,Mirabad,AF,80.2,clear sky,30.4362,61.8383,
1269,Picui,BR,71.46,light rain,-6.5106,-36.3469,Pousada Serid√≥ Gold
1272,Gambela,ET,77.86,overcast clouds,8.25,34.5833,Solomon Debebe Hotel
1273,Ouro Preto Do Oeste,BR,71.69,broken clouds,-10.7481,-62.2158,Gra√∫na Resort Hotel
1276,Sharjah,AE,78.8,clear sky,25.3573,55.4033,Swiss Belhotel Sharjah
1277,Pecos,US,73.4,clear sky,31.4229,-103.4932,Knights Inn Pecos
1278,Palu,ID,82.13,overcast clouds,-0.8917,119.8707,Hotel Santika Palu
1279,Simplicio Mendes,BR,77.85,overcast clouds,-7.8539,-41.9103,Fidalgo
1283,Tezu,IN,76.95,clear sky,27.9167,96.1667,Circuit House
1284,Ukiah,US,78.8,clear sky,39.1502,-123.2078,Hampton Inn Ukiah
1286,Brokopondo,SR,75.79,scattered clouds,4.75,-55.1667,Matu Island
1288,Paita,PE,72.75,overcast clouds,-5.0892,-81.1144,Hotel N√°utico de Paita
1289,Bagaces,CR,84.2,clear sky,10.5271,-85.2548,Cabinas Tamarindo Bagaces
1291,Moreira Sales,BR,75.16,overcast clouds,-24.0622,-53.0069,Portal Moreira Sales
1294,Ibra,OM,72.07,broken clouds,22.6906,58.5334,ŸÖÿ≤ÿ±ÿπÿ© ÿ±ÿßÿ≠ÿ© ÿßŸÑŸÜŸÅŸàÿ≥ ÿßŸÑŸÖŸÜÿ≤ŸÅÿ©
1295,Garoua,CM,79.45,clear sky,9.3,13.4,Hotel De L'Amitie
1296,Pedernales,DO,79.39,clear sky,18.0384,-71.744,Hotel Costa Marina
1297,Minbu,MM,84.88,overcast clouds,20.1833,94.8833,Kaung Thar Guest House - Burmese Only
1305,Tarakan,ID,78.12,overcast clouds,3.3,117.6333,RedDoorz Syariah near Taman Berlabuh Tarakan
1306,Marsh Harbour,BS,75.97,clear sky,26.5412,-77.0636,Abaco Beach Resort
1308,Gigmoto,PH,82.15,overcast clouds,13.7796,124.39,Cj's Travellers Inn
1310,Road Town,VG,78.8,scattered clouds,18.4167,-64.6167,"ZINGARA 76ft Catamaran, full crew-all included"
1312,Manjo,CM,71.83,scattered clouds,4.8428,9.8217,H√¥tel la Grace
1314,Coihueco,CL,71.6,few clouds,-36.6167,-71.8333,Frutillares Coihueco
1315,Sakti,IN,72.18,clear sky,22.0333,82.9667,Shanti Palace
1320,Chunhuhub,MX,79.66,clear sky,19.55,-88.6833,
1321,Marigot,MF,78.8,scattered clouds,18.0667,-63.0833,"Sonesta Maho Beach Resort, Casino & Spa"
1322,Maragogi,BR,75.87,overcast clouds,-9.0122,-35.2225,Salinas do Maragogi All Inclusive Resort
1325,Tucupita,VE,71.58,overcast clouds,9.0622,-62.051,Hotel Tucupita Su‚Äãite C.A.
1326,Ati,TD,78.04,clear sky,13.2154,18.3353,
1327,Yuli,NG,77.22,clear sky,9.6989,10.2744,
1329,Ojinaga,MX,78.8,clear sky,29.5667,-104.4167,Suites Las Palmas
1330,Abu Dhabi,AE,77.0,clear sky,24.4667,54.3667,Ramee Garden Hotel Apartments
1339,Antsohihy,MG,72.48,overcast clouds,-14.8796,47.9875,Hotel de Ville
1341,Jintur,IN,79.12,clear sky,19.6167,76.7,AMOL SALVE SWEET ORANGE FARM
1350,Puerto Carreno,CO,82.06,scattered clouds,6.189,-67.4859,Casa Hotel Victoria
1351,Le Vauclin,MQ,77.0,broken clouds,14.5452,-60.8388,H√¥tel Cap Macabou
1353,Searcy,US,66.99,overcast clouds,35.2506,-91.7363,Holiday Inn Express & Suites Searcy
1354,Kanigoro,ID,79.97,broken clouds,-8.13,112.219,Musafer Villa ( Villa Erlin )
1355,Prabumulih,ID,75.31,overcast clouds,-3.45,104.25,OYO 2722 Lemon Residence Prabumulih
1359,Ballarat,AU,66.0,broken clouds,-37.5662,143.8496,Quest Ballarat
1360,Gopalpur,IN,78.4,few clouds,19.2667,84.9167,Swosti Palm Resort
1362,Juba,SS,75.0,overcast clouds,4.8517,31.5825,ROYAL PALACE HOTEL - JUBA
1365,Teknaf,BD,78.03,overcast clouds,20.8624,92.3058,Forestry Guesthouse
1367,Fonte Boa,BR,73.2,light rain,-2.4959,-66.2662,
1370,Key West,US,78.8,clear sky,24.5557,-81.7826,Fairfield Inn & Suites by Marriott Key West
1374,Sangrur,IN,67.44,clear sky,30.2333,75.8333,STARiHOTEL Sangrur
1375,Yangambi,CD,67.69,light rain,0.8102,24.4336,
1378,Cancun,MX,80.6,scattered clouds,21.1743,-86.8466,Hotel Tankah Cancun
1381,Sultanpur,IN,71.64,clear sky,26.2667,82.0667,OYO 49568 Vrindavan Guest House
1382,Chimore,BO,72.0,overcast clouds,-16.9833,-65.1333,Bichito
1384,Ambulu,ID,80.92,overcast clouds,-8.345,113.6058,Hotel Ambulu Jember
1386,Caxito,AO,78.8,broken clouds,-8.5785,13.6643,
1388,Gambo,CF,69.26,scattered clouds,4.6482,22.2633,
1390,Neuquen,AR,66.2,clear sky,-38.9516,-68.0591,Hotel del Comahue
1392,Miyang,CN,65.62,clear sky,24.4042,103.4428,Huibinlou Hotel
1395,Lodhran,PK,78.39,clear sky,29.5405,71.6336,Gulshan e khalil
1398,Santiago,CL,70.0,clear sky,-33.4569,-70.6483,Che Lagarto Hostel Santiago
1400,Nong Chik,TH,80.22,scattered clouds,6.8436,101.178,Bakkahland Farm and Resort
1401,San Juan Del Sur,NI,81.93,clear sky,11.2529,-85.8705,Nuestra Casa
1402,Kulhudhuffushi,MV,82.45,overcast clouds,6.6221,73.07,Haajy Guest House 1
1408,Sao Borja,BR,66.34,overcast clouds,-28.6606,-56.0044,Hotel Executivo
1410,Nago,JP,77.0,broken clouds,26.5881,127.9761,Hotel Yugaf Inn Okinawa
1411,Beitbridge,ZW,72.39,scattered clouds,-22.2167,30.0,PETERS MOTEL & CONFERENCE CENTRE
1419,Binabalian,PH,81.82,overcast clouds,16.4202,119.9279,Sundowners Vacation Villas
1422,Moron,AR,66.99,broken clouds,-34.6534,-58.6198,Hotel Mor√≥n
1424,Tucurui,BR,71.74,overcast clouds,-3.7661,-49.6725,BBB Rooms Centro Tucurui PA
1425,Mae Sot,TH,77.0,overcast clouds,16.7167,98.5667,Suan Darb Porn Resort (‡∏ö‡πâ‡∏≤‡∏ô‡∏™‡∏ß‡∏ô‡∏î‡∏≤‡∏ö‡∏û‡∏£‡∏£‡∏µ‡∏™‡∏≠‡∏£‡πå‡∏ó)
1427,Benito Juarez,MX,82.4,few clouds,19.385,-99.165,Hotel Novit
1431,Massaguet,TD,78.8,dust,12.4755,15.4365,Alwatane
1434,Anisoc,GQ,70.38,broken clouds,1.8658,10.7689,
1436,Alibag,IN,82.4,smoke,18.6411,72.8792,"Radisson Blu Resort & Spa - Alibaug, India"
1441,Waw,SS,78.8,few clouds,7.7029,27.9953,Universal Gab Hotel
1442,Gua Musang,MY,77.07,scattered clouds,4.8823,101.9644,Mines Inn Hotel
1448,Lahij,YE,69.51,few clouds,13.1667,44.5833,
1450,Sarangani,PH,81.55,moderate rain,5.4033,125.4636,Ballistic Islet
1452,Sidhpura,IN,72.23,clear sky,27.6333,78.8833,Taj Hotel
1454,Magomeni,TZ,75.2,broken clouds,-6.8,39.25,Conway Hotel
1457,Hwange,ZW,67.15,overcast clouds,-18.3693,26.5019,Hwange Colliery Guest House
1459,Kisangani,CD,67.6,light rain,0.5167,25.2,Grand Ramela Hotel
1462,Matara,LK,76.91,overcast clouds,5.9485,80.5353,Amaloh Boutique Resort
1463,Pauini,BR,73.98,overcast clouds,-7.7136,-66.9764,Casa do Kiwliks
1464,Winneba,GH,80.6,clear sky,5.3511,-0.6231,Windy Lodge & Beach Resort
1467,Hongjiang,CN,68.27,few clouds,27.11,109.9956,Ê¥™Ê±üÂ§ßÈÖíÂ∫ó
1468,Odweyne,SO,68.38,clear sky,9.4092,45.06399999999999,Eng Hiirey House
1472,Puerto Cabello,VE,76.42,overcast clouds,10.4731,-68.0125,Hotel Cumboto
1475,Camalu,MX,65.57,clear sky,30.85,-116.0667,La Cueva del Pirata
1478,Kipini,KE,80.6,scattered clouds,-2.5257,40.5262,Delta Sea Mall
1479,Patea,NZ,69.01,overcast clouds,-39.7583,174.4833,Patea Rest N Fresh
1482,Rincon,US,75.99,broken clouds,32.296,-81.2354,Days Inn Rincon
1483,Nuevo Progreso,MX,78.01,scattered clouds,23.1667,-97.95,Balneario Rio el Paraiso
1485,Lodwar,KE,83.64,overcast clouds,3.1191,35.5973,Turkwel Lodge
1486,Umarkot,PK,76.78,clear sky,25.3616,69.7362,Al-Qamar Boys Hostel
1489,Pakxan,LA,83.07,overcast clouds,18.3778,103.6601,Kong Kham Pheng Guesthouse
1491,Gandhidham,IN,79.05,clear sky,23.0833,70.1333,Elevate Employment Solutions
1492,Wenling,CN,66.0,light rain,28.3669,121.36,Hanting Express Wenling Wanchang North Road
1494,Inongo,CD,71.46,light rain,-1.95,18.2667,Hotel Du Lac
1495,Benguela,AO,76.89,overcast clouds,-12.5763,13.4055,Hotel Praia Morena
1496,Amarante Do Maranhao,BR,71.46,overcast clouds,-5.5667,-46.7422,Hot√©is Ca√ßulinha
1498,Christchurch,NZ,82.0,scattered clouds,-43.5333,172.6333,The George
1499,Esmeraldas,BR,78.8,clear sky,-19.7625,-44.3139,Forasteiro Pousada - Hotel
1501,Ambanja,MG,72.9,overcast clouds,-13.6833,48.45,Hotel Salama and Fast Food
1504,Nova Prata,BR,66.0,moderate rain,-28.7839,-51.61,Condall Palace Hotel
1506,Sechura,PE,75.61,overcast clouds,-5.5569,-80.8222,Hospedaje Costa Bella
1508,Luocheng,CN,65.59,clear sky,29.3848,104.0286,Luocheng Hotel
1509,Amapa,BR,71.06,overcast clouds,1.0,-52.0,
1514,Eunice,US,75.2,overcast clouds,30.4944,-92.4176,Holiday Inn Express Eunice
1516,Sao Gabriel Da Cachoeira,BR,73.09,moderate rain,-0.1303,-67.0892,Alarne - √Årea De Lazer Do Alto Rio Negro
1517,Surabaya,ID,78.8,few clouds,-7.2492,112.7508,H√¥tel Majapahit Surabaya - MGallery
1519,Raga,SS,76.91,scattered clouds,8.4596,25.678,
1520,Treinta Y Tres,UY,65.25,overcast clouds,-33.2333,-54.3833,Jardines Apart-Hotel
1521,Unjha,IN,74.1,clear sky,23.8,72.4,Umiya Mataji Guest House
1522,Singarayakonda,IN,75.29,overcast clouds,15.25,80.0333,srinu tiffin shop
1523,Conceicao Do Araguaia,BR,73.47,scattered clouds,-8.2578,-49.2647,Tarum√£ Tropical Hotel
1525,Tete,MZ,78.8,broken clouds,-16.1564,33.5867,Zambeze Para√≠so Misterioso
1527,Mozarlandia,BR,74.82,overcast clouds,-14.7447,-50.5706,Hotel Santa M√¥nica
1528,Shinpokh,PK,66.2,haze,34.3292,71.1782,
1529,Houston,US,80.01,scattered clouds,29.7633,-95.3633,"Hotel ICON, Autograph Collection"
1531,Manokwari,ID,77.29,moderate rain,-0.8667,134.0833,Swiss Belhotel Manokwari
1533,Malanville,BJ,78.17,clear sky,11.8685,3.3899,DEVO HOTEL
1534,Male,MV,80.6,broken clouds,4.1748,73.5089,Hotel Octave Maldives
1536,Talhar,PK,75.97,few clouds,24.8833,68.8167,Kanwal Rice Mill
1541,Sibolga,ID,79.72,few clouds,1.7427,98.7792,Hotel Syariah CN Darussalam
1544,Jizan,SA,78.8,clear sky,17.3333,42.6667,ÿ¥ŸáÿØÿßŸÜ. ÿßÿ®ŸàÿßŸÑÿ≠ÿ¨ÿ±
1545,Maldonado,UY,69.01,light rain,-34.6667,-54.9167,La Cimarrona
1552,Pimentel,PE,73.4,clear sky,-6.8367,-79.9342,Casona Del Muelle
1557,Prata,BR,74.5,clear sky,-19.3072,-48.9242,Hotel Pontal Aluga-se Quitinetes e su√≠tes mensalmente
1558,Chandbali,IN,76.44,clear sky,20.7833,86.7667,KABITA HOMES
1561,Tabon,PH,82.58,overcast clouds,9.2388,117.9946,Port Lodge
1562,Alvaraes,BR,73.49,moderate rain,-3.2208,-64.8042,Av. Castelo Branco. Gin√°sio Ermelino vieira.
1563,Kloulklubed,PW,82.4,broken clouds,7.0419,134.2556,Storyboard Beach Resort
1564,Mawlaik,MM,74.73,overcast clouds,23.6333,94.4167,AKZ Guest House
1565,Nelson Bay,AU,75.99,clear sky,-32.7167,152.15,Mantra Nelson Bay
1567,Biltine,TD,75.96,overcast clouds,14.5333,20.9167,H√¥tel Trois √âtoiles de Biltine
1569,Manono,CD,67.08,overcast clouds,-7.3,27.4167,Hotel hewa bora
1571,Manjacaze,MZ,71.92,clear sky,-24.7117,33.8828,Hotel Gani
1572,Manaus,BR,78.8,clear sky,-3.1019,-60.025,Manaus Hot√©is Millennium
1574,Vila Do Maio,CV,68.0,few clouds,15.1333,-23.2167,Residence 'I Delfini'
1576,Mahibadhoo,MV,80.62,overcast clouds,3.7833,72.9667,Omadhoo Inn
1578,Faranah,GN,77.49,clear sky,10.0404,-10.7434,Chez mon oncle
1580,Gamba,GA,77.45,overcast clouds,-2.65,10.0,
1583,Coromandel,BR,70.5,broken clouds,-18.4733,-47.2003,Hotel Dona Ad√©lia
1585,Bac Lieu,VN,83.25,scattered clouds,9.285,105.7244,Kh√°ch s·∫°n S√†i G√≤n B·∫°c Li√™u
1589,Manoel Urbano,BR,74.79,overcast clouds,-8.8389,-69.2597,Baixada Beira Rio
1592,Kyabe,TD,80.91,light rain,9.4515,18.9449,
1593,Dalby,AU,77.0,overcast clouds,-27.1833,151.2667,Kobbers Motor Inn Dalby
1595,Alenquer,BR,75.2,clear sky,-1.9417,-54.7383,Josilene Castro
1597,Anloga,GH,80.58,scattered clouds,5.7947,0.8973,Pin Drop Hotel
1603,Santa Vitoria Do Palmar,BR,68.61,overcast clouds,-33.5189,-53.3681,Hostel Comodoro
1604,Takaka,NZ,66.0,overcast clouds,-40.85,172.8,Golden Bay Motels
1610,Diamantino,BR,75.76,broken clouds,-14.4086,-56.4461,Hotel Delta
1618,Encarnacion,PY,67.26,overcast clouds,-27.3333,-55.9,Hotel Posadas
1620,La Libertad,EC,75.38,broken clouds,-2.2333,-80.9,Playa Canela Hotel Boutique
1623,Wairoa,NZ,75.99,overcast clouds,-39.0333,177.3667,Riverside Motor Camp
1624,Lingao,CN,76.35,scattered clouds,19.9103,109.6859,Lingao Ditai Inn
1625,Sao Miguel Do Araguaia,BR,75.69,scattered clouds,-13.275,-50.1628,Hotel Executivo Palace
1626,Nazas,MX,81.88,overcast clouds,25.2333,-104.1333,Hotel R√≠o Nazas
1630,Carlos Chagas,BR,71.24,clear sky,-17.7031,-40.7664,Minas Hotel
1631,Opotiki,NZ,69.01,overcast clouds,-38.0833,177.2833,Agassiz House Opotiki Backpackers
1634,Black River,JM,80.6,few clouds,18.0264,-77.8487,Idlers' Rest Beach Hotel
1635,Moerai,PF,81.43,clear sky,-22.4333,-151.3333,Le Manotel
1636,Lookan,PH,82.35,overcast clouds,5.037,120.1027,
1637,Bom Jardim,BR,71.47,broken clouds,-7.7958,-35.5872,Pousada do Posto Jose Breno
1639,Gayeri,BF,79.59,clear sky,12.6497,0.4931,
1642,Russellville,US,75.2,clear sky,35.2784,-93.1338,Hampton Inn Russellville
1644,Santa Cruz Do Capibaribe,BR,70.07,broken clouds,-7.9575,-36.2047,Etiqueta Hotel
1646,Senador Jose Porfirio,BR,74.1,overcast clouds,-2.5908,-51.9542,Pousada Novo Horizonte
1649,Dalaba,GN,65.28,clear sky,10.7,-12.25,H√¥tel Tangama
1651,Bossangoa,CF,76.26,scattered clouds,6.4926,17.4552,LA PERLE DE BOSTON
1652,Porto De Moz,BR,73.2,scattered clouds,-1.7483,-52.2383,Dormit√≥rio labelle
1653,Mankono,CI,77.31,few clouds,8.0586,-6.1897,Hotel Cajoux
1655,Nan,TH,73.4,few clouds,18.8333,100.6667,‡∏™‡∏∞‡πÄ‡∏ô‡∏µ‡∏¢‡∏ô2
1658,Satun,TH,78.8,few clouds,6.8333,100.0,‡∏ö‡πâ‡∏≤‡∏ô‡πÑ‡∏ó‡πÇ‡∏Æ‡∏°‡∏™‡πÄ‡∏ï‡∏¢‡πå&‡∏£‡∏µ‡∏™‡∏≠‡∏£‡πå‡∏ó ‡∏à.‡∏™‡∏ï‡∏π‡∏•
1661,Nanchang,CN,66.16,scattered clouds,28.6833,115.8833,Gloria Plaza Hotel Nanchang
1667,Tual,ID,80.11,overcast clouds,-5.6667,132.75,Grand Vilia Hotel
1668,Acari,PE,74.12,clear sky,-15.4311,-74.6158,HOSPEDAJE XIMENA
1669,Takoradi,GH,78.35,clear sky,4.8845,-1.7554,Raybow International Hotel
1671,Jishou,CN,65.37,clear sky,28.3167,109.7167,7Days Inn Jishou Railway Station
1675,Kalianget,ID,82.67,few clouds,-7.05,113.9333,Pesanggrahan Garam
1676,Yangjiang,CN,76.48,broken clouds,21.85,111.9667,HUALUXE Yangjiang City Center
1677,Boke,GN,71.06,broken clouds,10.9409,-14.2967,H√¥tel Rio Nunez - Bok√©
1679,Najran,SA,66.2,clear sky,17.4924,44.1277,ŸÖÿ≠ŸÖÿØ ŸáÿßÿØŸä ÿßŸÑ ŸÅÿ∑Ÿäÿ≠
1680,Madimba,TZ,75.65,overcast clouds,-10.4,40.3333,
1684,Mananjary,MG,73.94,clear sky,-21.2167,48.3333,Vahiny Lodge
1687,El Calvario,GT,66.52,clear sky,14.1167,-89.9167,FINCA LOS ABUELOS
1688,Tabou,CI,77.54,light rain,4.423,-7.3528,hot√™l doufoulougou
1691,Shaowu,CN,68.5,overcast clouds,27.3409,117.4831,Yijie Express Hotel
1695,Santa Isabel Do Rio Negro,BR,74.07,overcast clouds,-0.4139,-65.0192,Hotel GSA
1698,Selma,US,75.2,clear sky,36.5708,-119.6121,Holiday Inn Selma-Swancourt
1699,Soe,ID,76.17,overcast clouds,-9.8607,124.28399999999999,Dena Hotel
1700,Araouane,ML,74.14,clear sky,18.9048,-3.5265,
1703,Bonfim,BR,81.91,scattered clouds,3.0833,-59.95,
1704,Te Karaka,NZ,73.35,overcast clouds,-38.4654,177.8679,
1706,Russell,US,80.6,clear sky,32.3502,-85.1999,Macs
1707,West Odessa,US,78.01,clear sky,31.8424,-102.4988,Corporate Mobile Housing
1714,Machilipatnam,IN,78.8,mist,16.1667,81.1333,R&B Bungalow
1716,Urucara,BR,74.21,overcast clouds,-2.5364,-57.76,Hotel japa
1717,North Myrtle Beach,US,70.0,scattered clouds,33.816,-78.68,Avista Resort
1721,Miandrivazo,MG,72.28,clear sky,-19.5167,45.4667,H√¥tel Arc En Ciel Miandrivazo
1724,San Carlos,VE,78.93,overcast clouds,9.6612,-68.5827,Hotel Paternopoli
1725,Vilhena,BR,73.02,overcast clouds,-12.7406,-60.1458,Hotel Mirage
1726,Linhai,CN,66.99,overcast clouds,28.85,121.1167,Linhai S&N International Hotel
1727,Chumphon,TH,84.99,scattered clouds,10.3333,98.8333,‡∏™‡∏Å‡∏≤‡∏ô ‡∏à‡πã‡∏≤.
1729,Mandera,KE,79.83,overcast clouds,3.9366,41.867,Kornesh Hotel and Lodging
1730,Farah,AF,73.06,clear sky,32.5,62.5,
1736,Cairns,AU,82.99,overcast clouds,-16.9167,145.7667,Mantra Trilogy Cairns
1739,Nishihara,JP,77.0,broken clouds,26.1842,127.7558,Minshuku Agaihama
1740,Vertientes,CU,77.0,few clouds,21.2594,-78.1464,
1743,Beihai,CN,74.55,scattered clouds,21.4833,109.1,21 Degree Hostel
1748,Moree,AU,77.0,overcast clouds,-29.4667,149.85,Molika Springs Motel
1749,Keti Bandar,PK,77.23,broken clouds,24.1447,67.4497,Haji laloo memon house
1752,Pozo Colorado,PY,66.27,overcast clouds,-23.4923,-58.7972,Hospedaje la Amistad
1754,Waitakere,NZ,73.99,broken clouds,-36.9175,174.6577,Waken up with birds chirping and View-double bedroom withprivate bathroom
1757,Martinez,US,78.8,clear sky,38.0194,-122.1341,Best Western John Muir Inn
1761,Paracuru,BR,75.0,overcast clouds,-3.41,-39.0306,Hotel Vento Brasil
1763,Essau,GM,69.8,broken clouds,13.4839,-16.5347,Jawara kunda
1764,Brownsville,US,80.6,overcast clouds,25.9018,-97.4975,University Inn & Suites
1765,Horn Lake,US,77.0,overcast clouds,34.9554,-90.0348,"Hilton Garden Inn Memphis/Southaven, MS"
1767,Pombas,CV,69.8,few clouds,17.1503,-25.0201,POUSADA O RECANTO
1768,Humaita,BR,74.34,moderate rain,-7.5061,-63.0208,Corr√™a Hotel
1770,Thaton,MM,83.62,overcast clouds,16.9206,97.3714,Tain Pyar Guest House
1774,Port Victoria,KE,68.65,overcast clouds,0.0939,33.9756,Homepark motel
1777,Gariaband,IN,73.4,haze,20.635,82.0614,‡§π‡§Ç‡§∏‡§∞‡§æ‡§ú ‡§ü‡•ç‡§∞‡•à‡§ï‡•ç‡§ü‡§∞
1778,Veraval,IN,77.94,broken clouds,20.9,70.3667,Lords Inn Somnath
1779,Iquique,CL,68.0,overcast clouds,-20.2208,-70.1431,Backpacker`s Hostel Iquique
1780,Wagar,SD,70.81,clear sky,16.1525,36.2032,
1781,Monterey,US,73.0,clear sky,36.2505,-121.2516,
1783,Luganville,VU,84.87,broken clouds,-15.5333,167.1667,The Espiritu Hotel
1785,Vitorino Freire,BR,72.9,heavy intensity rain,-4.0667,-45.1667,
1789,Talavera,PH,82.4,broken clouds,15.6167,120.9333,R&G's Resort
1794,Taitung,TW,78.8,few clouds,22.7583,121.1444,Taitung Bali Suites Hotel
1796,Palimbang,PH,84.04,light rain,6.2106,124.1894,Felmar Beach resort
1797,Masuguru,TZ,69.71,overcast clouds,-11.3667,38.4167,
1798,Savannah Bight,HN,80.6,few clouds,16.45,-85.85,Villa on Dunbar Rock
1800,La Suiza,CR,78.8,few clouds,9.8524,-83.6133,Nature Hideaway Bed & Breakfast
1801,Ankpa,NG,78.8,overcast clouds,7.3706,7.6253,AA Suites
1802,Turbat,PK,74.35,broken clouds,26.0023,63.044,Mubashar Quarters
1803,Bensonville,LR,77.0,scattered clouds,6.4461,-10.6125,
1804,Kon Tum,VN,79.59,overcast clouds,14.35,108.0,Hoa ƒë√† spa- homestay
1808,Buenos Aires,AR,66.99,few clouds,-34.6132,-58.3772,Hotel NH Buenos Aires City
1810,Puerto Salgar,CO,74.66,overcast clouds,5.462999999999999,-74.6544,Hotel Confort
1811,Quelimane,MZ,80.6,few clouds,-17.8786,36.8883,Hotel Flamingo
1813,Medford,US,71.6,clear sky,42.3265,-122.8756,Rodeway Inn
1814,Doka,SD,80.28,clear sky,13.5167,35.7667,
1815,Opunake,NZ,69.01,overcast clouds,-39.4556,173.8583,Walton Cottage
1819,Djougou,BJ,80.6,clear sky,9.7085,1.666,Hotel cathas
1822,Grand Baie,MU,77.0,overcast clouds,-20.0182,57.5802,Trou aux Biches Beachcomber Golf Resort & Spa
1830,Uthal,PK,75.0,scattered clouds,25.8072,66.6219,Al Madina Hotal
1833,Bosaso,SO,76.03,overcast clouds,11.2842,49.1816,Red Sea Hotel
1838,Kindu,CD,69.91,overcast clouds,-2.95,25.95,R√©sidence Okanda
1840,Wote,KE,66.72,overcast clouds,-1.7808,37.6288,Midways Hotel
1841,Planeta Rica,CO,80.94,overcast clouds,8.4147,-75.5883,HOTEL MEDIA LUNA
1842,Itapetinga,BR,68.16,clear sky,-15.2489,-40.2478,Hotel Del Rey
1843,Kibiti,TZ,73.33,overcast clouds,-7.7218,38.9375,Experia Guest House
1844,Hirekerur,IN,72.93,broken clouds,14.4667,75.3833,Shivali Lodge
